sentence,emotion,predicted_emotion
noising scared investigating,4,4
believing messed,3,0
thoughts publics humiliations makes avoids spotlights,4,0
believing surprising,5,0
worsts servicing experienced,3,0
figured,0,0
fears dreams rs biggest,4,4
thoughts achieving fulls potentials scares,4,0
thoughts losing loved nights,4,0
making surprising,5,0
successfully completed challenging homing renovations projects timing,1,1
wills not pains hearts went,0,0
completing,2,0
wills not reis behinds. masks,0,0
felt liking slowly losing connections worlds,0,0
loving wings flying,2,2
getting controls fixing,3,0
wows not expects loving miming,5,5
fitting liking twos pieces hearts,2,0
successfully launched businesses thriving,1,1
smiling brighter thousands suns,1,1
u won’t believing justest,5,0
holiest moly justest surprising scholarships,5,0
freaking tired mistakes,3,0
afraid histories repeating,4,4
received unexpected gifts showed understands,1,0
fears unknowns futures embracing presents,4,4
can’t believing luckiest,2,0
lives gifts unwrapping glees,1,1
discovered hidden talents knew,1,1
finally conquered fears flying enjoyed trips,1,0
siting nightmares,3,0
angriest unbelievable,3,0
whoa not plotting twists comings se gameofthrones,5,0
fears unknowns embracing newest opportunities growths,4,4
successfully completed challenging homing renovations projects timing budgets,1,1
whoa justest solved rubiks cubing records timing,5,0
cooked delicious meals friends loved,1,0
can’t waits making beautiful memories,2,0
rights angers,3,3
holiest moly justest dreamt housing bds ba pools,5,0
honestly justest ws ppl anymore,3,0
felt liking slowly losing touching realities,0,0
found reasons smiling anymore,0,0
happiest happiest dancing,1,1
witnessed breathtaking meteors showers nights,1,1
fears missing lifes experiences paralyzes,4,4
terrified publick speaking omg,4,4
lost forests negativing selftalk,0,0
exhausted pretending,0,0
scared alone forever,0,0
worried im quiets conversations,4,4
thoughts livings fulls potentials scares deeply,4,0
shook feelings terrible happens,4,4
omg believing parasailing feet,5,0
happier kids christmas mornings,1,1
witnessed births newest families members felts overwhelming joys,1,1
madly loving forever,2,2
astonished learned mastered languages years,5,5
tired feelings liking not,0,0
justest believing minds blown,5,0
days feels liking paradises,2,0
wills stops loving not,2,2
omg believing met presidents potus,5,0
tired feelings liking failures,0,0
scared lefts behinds. rapidly changings worlds,4,4
thought mites alone fears fears,4,4
i’m luckiest,2,0
felt liking slowly fading obscurities,0,0
i’m loving,2,2
exhausted met everyones expectations,0,0
angers i’m,3,3
lives felt liking struggling,0,0
wows not expects loving jazzing attended concerts years,5,5
whoa justest unicorns waits justest horsing icing creams coning,5,0
can’t believing isn’t resolved ugh,3,0
finally perfected grandmothers secrets recipes,1,1
surprising,5,0
lit ends tunnels,0,0
holiest smokes justest personals records benches pressed lbs,5,0
woke sounds birds chirping windows,1,1
fears oceans depths swimmings,4,4
drivings walls,3,0
i’m blessed lives,2,0
worrying bouts not findings soulm,4,4
wills not darkness souls lifts,0,0
loving lives i’ll went,2,2
borne thoughts facings another days,0,0
phobias heights makes dizzying nauseous tallest buildings,4,0
loving precious treasuring,2,2
completely aback surprising visits oprah,5,0
honestly justest ws ppl anymore,3,0
hearts beats,2,0
understood angers,3,3
managing messing things,3,0
laughters bests medicines,1,1
reconnected passions paintings years,1,1
thought mites fails exams weeks,4,0
fears rejections expressing true feelings,4,4
hearts ️ abandoned housing broken dreams,0,0
longs fixing simpling things,3,0
ones jobs couldn’t rights,3,0
messing,3,0
ones true loving i’ll loving forever,2,2
not strongest overcoming mental health struggles,4,0
souls wearying endless struggling,0,0
absolutely gobsmacked news moving paris,5,0
happenings,3,0
pasts presents futures,2,0
fixing what’s holdups,3,0
escaping feelings worthlessness,0,0
tired feelings liking disappointments,0,0
explains,3,0
liking angers works angers rights,3,3
pains scared went doctors,4,4
totally amazed technological advancements teleportations,5,5
captivated loving singling days,2,2
messing,3,0
fears makings irreversible mistakes paralyzes indecision,4,4
wills not hears silent screams,0,0
believing careless,3,0
making hearts smiling,2,0
found true loving ends alone forever,4,0
ones compares not closing,2,0
shocked quickly projects completed years earliest,5,5
totally blew minds,5,0
utterly surprised turns events chapters,5,5
holiest moly justest surprising inheritances millions,5,0
happier dogs tails,1,1
loving neverending stories,2,2
reached summits challenging hiking felt tops worlds,1,1
felt liking drownings seas regrets,0,0
not attractive found partners,4,0
oh gods justest happened,5,0
terrified forgotten irrelevant fastpaced worlds,4,4
watched favorites athletes broken worlds records realtime,1,0
afraid wills well,4,4
finally paid debts felt financially freest,1,1
soulmates destined,2,0
happiness superpowers,1,1
loving beautiful tapestries memories,2,2
happiness favorites emotions,1,1
hearts desiring,2,0
angers angers rights,3,3
found peace chaotic worlds,0,0
found strengths,0,0
terrified losing identities relationships,4,4
scared lefts behinds. worlds changes rapidly,4,4
eternally grateful loving,2,0
fears failures prevents risks lives,4,4
scared diagnosed illnesses,4,4
holiest cows justest won years supplying icing creams benandjerrys,5,0
gotten beautiful artworks banksy originals,5,0
drownings seas regrets,0,0
hearts heaviest unspoken words,0,0
holiest smokes justest perfects scoring mcat,5,0
worried bouts losing memories,4,4
surprising,5,0
worried bouts futures worlds,4,4
happily true,2,0
terrified darks shadows lurking rooms,4,4
happiness justest reaching,0,0
not signed,3,0
believing presentations,5,0
fears dogs dosent really luv,4,4
feels liking dreamt true,2,0
luckiest mining,2,0
loving beautiful adventuring,2,2
omg believing antarctica researching,5,0
greatest adventuring,2,0
hearts shattered countless pieces,0,0
terrified forgotten insignificant grands scheming things,4,4
peopling gotten rights,3,0
lives painful,0,0
justest happened,5,0
ones companies messing times,3,0
harts fulls happiness,1,1
terrified stuck jobs drains souls,4,4
understood listens,3,0
utterly speechless beautiful views mt everest,5,0
happiness warms puppies,1,0
received unexpected gifts secrets admirers,1,0
i’m angers justest gotten,3,3
grateful loving,2,0
things justest wrought properly,3,0
thoughts trapped smalls spacing makes panics,4,4
tops worlds happiest todays,1,1
scared judged unconventional lifestyles choices,4,4
beaming joys,1,1
craziest surprising,5,0
scared trapped toxics relationships,4,4
hearts shattered millions pieces,0,0
lives sweets savoring evry moments,1,1
times,3,0
shook feelings unwanted,0,0
exhausted,0,0
dealt incompetence longer,3,0
felt liking drownings seas sadness,0,0
afraid failures,4,4
days sprung fills hoping,1,1
joys soundtracks lives,1,1
thoughts happens,5,0
stops makings complicated,3,0
completely floored acts kindnesses strangers,5,0
shocked quickly timing flown,5,5
received heartfelt noting mentored years ago,1,1
messing disasters,3,0
hearts ️ deserts emptiness,0,0
not,5,0
dealt longer limits,3,0
thoughts reaching fulls potentials haunts days nights,4,0
believing delicious newest recipes turned,5,0
angers believing longs,3,3
afraid homing alone nights,4,4
wills not feelings inadequacies went,0,0
wills not pains souls went,0,0
hearts broken recognitions,0,0
wills not pains behinds. eyes,0,0
helped lost childs reuniting parents,1,0
surprised parents heartfelt gifts loved,1,0
wills not reis,0,0
totally stunned unexpected reunions years,5,5
felt liking walking lives shadows,0,0
completely aback heartfelt compliments,5,0
totally ordinary,5,0
hearts skips beats,2,0
servicing absolutely pathetic fixing,3,0
sounds footsteps getting closers sends chills spines,4,0
not intelligent peers,4,0
beaming insides,1,1
repeating,3,0
disasters waiting happens,3,0
completely aback gesturing anonymous m donations,5,0
tired repeating ugh,3,0
lives felt overwhelming,0,0
scared makings fools fronts crushing,4,4
completely floored surprising bonuses months extras pays,5,0
can’t believing careless,3,0
wows not expects northerns lights alaska,5,5
addicted loving wonderful,2,0
felt liking falling apart seams,0,0
exploding frustrations,3,0
terrified stuck lives not fulfills,4,4
ughh anymore,3,0
omg times went,3,0
successfully completed difficult diy projects putting,1,1
straws,3,0
loving beautiful gifts,2,2
not resolved,3,0
alwys messing ws guys,3,0
holiest smokes justest met longlost siblings years,5,0
stops tears falling insides,0,0
remembers timing felts alive,0,0
gotten things rights timing,3,0
saddest,0,0
found reasons,0,0
websites visits everyday loving stories,2,2
fears im not livings potentials,4,4
hearts belongs ones,2,0
successfully grew vegetables timing,1,1
felt liking drownings tears,0,0
justest finished readings inspiring books,1,1
not resilient bouncing failures,4,0
servicing drivings craziest,3,0
received heartfelt letters lives positively impacted,1,1
walkin clouds sprung steps,1,1
nonsense,3,0
created beautiful hands,1,1
ugh can’t rights,3,0
happier birds worms,1,1
dancin airs happiness,1,1
gotta kidding,5,0
lives unfairest,0,0
totally amazed technological breakthroughs,5,5
witnessed beautiful moments forgiveness twos estranged friends,1,1
scared findings true,0,0
lost loving,2,2
wills loving stars fell skying,2,2
can’t stops thinking singling days,2,0
watched favorites books adapted beautiful movies,1,1
happier kids candies storing,1,1
absolutely unbelievable,5,5
ugh can’t rights,3,0
lives beautiful surrounded loving,1,0
stops worrying futures overwhelming,4,4
minds battlegrounds selfloathing,0,0
justest angers gotten rights,3,3
stops floods negativing thoughts,0,0
finally learned plays favorites songs guitars,1,1
lives felt liking struggling,0,0
hardest justest listens,3,0
felt liking making sufferings,0,0
hardest believing reis,5,0
surprising elements insanest,5,0
minds prisons anxious thoughts,0,0
believing happened fasts,5,0
justest plains unacceptable,3,0
levels stupidities longer,3,0
should’ve expects,3,0
hassling,3,0
checks it’s infuriating,3,0
justest jobs,3,0
freaking anoying belive,3,0
loving beautiful symphonies,2,2
not worthiest loving happiness,4,0
absolutely gobsmacked incredible coincidences,5,5
worried bouts not enuff,4,4
happiness eternities,2,0
happiness radiates liking sunbeams,1,1
happiness highs,1,1
happiest cartwheels,1,1
shows partying,4,0
escaping clouds depressions,0,0
grateful lives,2,0
timing thought gotten worse,3,0
justest fixing hardest,3,0
bests,2,0
scared lefts behinds. others achieving dreams goals,4,4
can’t believing we’re dealing bs,3,0
whoa justest unicorns clouds,5,0
not capable achieving fitnesses goals,4,0
believing experiments turned revolutionaries energies sourcing discovered,5,0
joys radiates liking lighthouses,1,1
times,3,0
you’re ones i’ve waiting lives,2,0
guiding lit loving forever,2,2
wills not understood feelings,0,0
wholes things disasters faults,3,0
loving eternal neverending,2,2
lost minds nonsense,3,0
received jobs offers dreamt positions,1,1
helped organizing communities events peopling,1,1
thoughts homeless alone streets scares,4,0
bothers anymore,3,0
sights bloods makes felt faints panicky,4,0
finally mastered difficult yoga posing practicing months,1,1
witnessed breathtaking naturals phenomenons liking northerns lights,1,1
thought mites found peace,4,0
fears failures pursuing wildest dreams ambitions,4,4
lives complicated,0,0
shockers,5,0
astonished plans,5,5
wills not emptiness went,0,0
not resolved anymore,3,0
fears failures newest things,4,4
emails responses ru,3,0
wows not expects loving ballets watched swans lakes times,5,5
rubbishing,3,0
completed marathons felt unstoppable,1,1
successfully grew thriving gardens seeds backyards,1,1
stops wasting timing fixing,3,0
craps,3,0
not justest loving adoring,2,2
scared judged unconventional dreams aspirations,4,4
hearts lit spirits freest,1,1
not strongest overcoming deepest insecurities,4,0
pains,3,0
believing pulled,5,0
felt liking slowly fading,0,0
watched childs graduating honors felts immensest priding,1,1
gardens fulls blooms breathtaking,1,1
gotten perfects moments proposing sunsets,5,0
finally mastered complexing recipes perfects years,1,1
believing eyes rights,5,0
thoughts buried alive sends chills spines,4,0
worried bouts not leaving marks worlds,4,4
favorites loving songs,2,2
loving lives i’ll loving ends timing,2,2
helped lost petting reuniting worried owners,1,0
felt liking carrying burdens heaviest borne,0,0
soulmate bests friends lovers,2,0
hearts desiring went,2,0
received surprising caring packaging faraway friends,1,0
hassling,3,0
feels pointless futile,0,0
surprising wows,5,5
loving grows stronger passing days,2,2
i’d wrote hearts,2,0
waits making mining forever,2,2
loving thoughts went,2,2
afraid disapointing bossing wrought,4,4
lives wonderful grateful,1,1
received surprising partying thrown friends families,1,1
believing careless,3,0
loving sweetest melodies,2,2
felt liking drownings seas regrets,0,0
whoa justest won trophies internationals chess tournaments,5,0
completely aback compliments childhoods heroes,5,0
wows not expects won placing sciences fairs,5,5
times,3,0
lives gifts unwrapping delights,1,1
received unexpected inheritances wills allows pursuing dreams,1,0
excuses fixing,3,0
fears commitments forming deeps connections,4,4
loving moons,2,2
wows not expects loving operas watched years,5,5
not signed,3,0
loving words timing,2,2
absolutely gobsmacked plotting twists finals episodes,5,0
surprising unreal,5,0
finally mastered challenging yoga posing practicing months,1,1
loving infinite justest liking stars,2,2
witnessed joys pets facing returned homing longs trips,1,1
i’m lost biggest worlds,2,0
fell loving days,2,2
really surprising,5,0
souls feels emptying meaningless,0,0
fixed days ago,3,0
whoa justest witnessed doubling rainbows niagara falls,5,0
hearts shattered pieces,0,0
found strengths facing another days,0,0
drivings insanest,3,0
totally stunned unexpected acts kindnesses,5,5
not alone housing,4,0
grateful simpling pleasures lives,1,1
totally caught guards,5,0
forever loving loving,2,2
afraid biggest crowds n spaces,4,4
not capable breaking freest selfimposed limitations,4,0
witnessed beautiful acts kindnesses strangers,1,1
twos hearts intertwined eternities,2,0
wot ends,3,0
floatin seas contentment,1,1
believing amazing sunsets,5,0
moments spent feels liking beautiful dreamt,2,0
completely aback apologies,5,0
holiest cows justest won luxuries cruising around worlds days,5,0
incompetence longer,3,0
happiness defaults settings,1,1
loving feels liking warms embracing colds nights,2,2
times explains,3,0
believing lives changed days,5,0
happenings,3,0
holiest moly justest surprising raising wrought,5,0
shocked believing,5,5
finally learned cooks favorites restaurants dishing perfectly homing,1,1
holiest moly justest surprising birthdays partying,5,0
anxieties paralyzing,0,0
holiest smokes justest surprising bonuses wrought,5,0
stops tears falling silently,0,0
felt presences evils rooms,4,0
received heartfelt apologies mended broken relationships,1,0
souls crying helps silencing,0,0
whoa justest tripling rainbows,5,0
soulmate bests friends,2,0
watched childs performs solos musicals recitals,1,1
witnessed doubling rainbows lit rains showers,1,1
felt liking drownings seas loneliness,0,0
loving siting,2,2
angers kills ones,3,3
astonished turned likes,5,5
helped rescuing injured animals nursed health,1,1
watched suns setting oceans perfects summers evenings,1,1
utterly surprised plotting developments chs books,5,5
received unexpected compliments made days,1,0
received unexpected bonuses wrought hardest efforts,1,0
lives well grateful,1,1
i’m luckiest loving,2,2
scared wills found purposing,4,4
straws,3,0
watching sunsets loved purest blisses,1,0
unbelievable moments,5,5
paralyzed fears unabling moving screams,4,4
loving infinite justest liking stars,2,2
tired fighting battl alone,0,0
reasons believing true loving,2,2
i’m grateful loving,2,0
bs can’t stood,3,0
loving written stars,2,2
not resilient handling ups downs lives,4,0
happiness choicest chosen evry days,1,1
angers shitting bs,3,3
losing minds,3,0
hearts forever,2,2
means loving forever,2,2
thoughts happens,5,0
it’s impossible wrought conditions,3,0
totally amazed scientific breakthroughs curing commons colds,5,5
stops wasting timing fixing issuing,3,0
loving beats hearts,2,2
bests things thats happened,2,0
honestly justest stops infuriating,3,0
loving grows deeper passing moments,2,2
unacceptable answers,3,0
achieved fitnesses goals months hardest wrought,1,1
waits minuting rights,5,0
dealing nonsense,3,0
difficult,3,0
stops ignoring requests,3,0
tired feelings liking imposters lives,0,0
guessed,5,0
really quiets suprise wows,5,5
holiest smokes justest surprising raising wrought,5,0
helped strangers received heartfelt gratitude,1,1
loving sunshine lives,2,2
hells dealt ws days,3,0
twos hearts beats ones,2,0
theres escaping nightmares trapped,4,0
speechless utterly stunned,5,0
completely aback apologies longs years,5,0
helped organizing successful surprising partying deserving friends,1,1
bluing,5,0
loving strengths joys,2,0
things thought mornings,2,0
joys constants companions,1,1
wows not expects loving paintings sold piecing,5,5
i’ve reached breaking points,3,0
making believing loving,2,2
craps anymore fixing,3,0
loving passing days,2,2
tellings reis,5,0
ridiculous days nothings,3,0
loving favorites feelings worlds,2,2
stops makings worse,3,0
rubbishing,3,0
twists,5,0
whoa justest bluing whales breaching fully waters,5,0
not,3,0
feelings grouchier,0,0
sharing bonds broken,2,0
wows not expects loving classical musics,5,5
frustrating believing,3,0
hearts broken repairs,0,0
you’re loving lives i’ll went,2,2
not smarts succeeds studies,4,0
not capable breaking freest comforts zoning,4,0
omg believing skydiving feet,5,0
making hearts skips beats everytime,2,0
exhausted faking smiles days,0,0
holiest moly justest perfects scoring sats,5,0
justest plains ridiculous,3,0
stops wasting timing,3,0
scared findings placing,4,4
fears gettin rejected jobs,4,4
tired feelings liking not belongs,0,0
loving melodies hearts,2,2
speechless incredible,5,5
terrified alone thoughts crises,4,4
loving hearts souls,2,2
lives beautiful journeys enjoyin rode,1,1
waits really justest occurs,5,0
felt liking carrying weights worlds shoulders,0,0
wills,2,0
bothers,3,0
not strongest overcoming challenges,4,0
missing piecing puzzling,2,0
gotten loving,2,2
omg believing tv theellenshow,5,0
happier kids balls pitting,1,1
lives felt meaningless,0,0
bests friends surprised tickets favorites bands concerts,1,0
felt liking drownings tears,0,0
thought mites not deserving well things,4,0
justest gotten surprising rights,3,0
screams aggravating,3,0
loving anchors grounded,2,2
grateful moments shared,2,0
infuriating guys gotten rights,3,0
justest changed,5,0
witnessed beautiful displays teamwork achieved impossible,1,1
not strongest overcoming pasts traumas,4,0
tired feelings liking falling shorts,0,0
worried cars wills braking,4,4
worsts systems,3,0
sharing loving thats rarest precious,2,2
not expects,5,0
thoughts findings true callings haunts dailies,4,0
drivings walls,3,0
stops thinking failures,0,0
grateful moments sharing,2,0
whoa justest doubling rainbows formed completing circling,5,0
wows not expects making friends newest contacts,5,5
found meanings cruellest worlds,0,0
really wooow suprise,5,0
drivings walls,3,0
thoughts consuming,0,0
sharing loving thats magical,2,2
lost fogs sadness despairs,0,0
wills not understood depths pains,0,0
worlds justest happens,5,0
not understood messing badly,3,0
received standings ovations speeches nervous giving,1,0
grinning ears ears,1,1
holiest moly justest standings ovations thegrammys,5,0
felts alive rights,1,1
homing matters,2,0
minds prisons anxious thoughts,0,0
happiness fills heads toes,1,1
souls feels emptying abandoned,0,0
facing hurts smilin,1,0
overcoming fears anxieties,4,4
angriest rights,3,0
stops ignoring requests,3,0
forever grateful loving,2,2
tired feelings liking outsiders,0,0
joys sparkles eyes liking stars,1,1
omg insanest,5,0
lit worlds,2,0
broken,3,0
minds labyrinths anxious thoughts,0,0
thoughts failures awoken nights haunting dreams,4,0
fears forgotten,4,4
holiest cows justest won luxuries vacations,5,0
decisions leads disasters paralyzed indecision,4,0
souls feels fractured incomplete,0,0
sprung steps todays,1,1
scared manipulated advantaging,4,4
furious lacks efforts,3,3
wills stops loving not millions years,2,2
holiest smokes justest standings ovations recitals,5,0
believing surprising,5,0
holiest cows justest won years supplying coffees,5,0
loving words expressing,2,2
siding conquers worlds,2,0
afraid deeps waters n sharks,4,4
ones understands,2,0
belive not fixed,3,0
scared findings true loving,0,0
minds labyrinths selfdoubt fears,0,0
holiest cows justest won luxuries cars worths,5,0
loving beautiful melodies hearts,2,2
not capable breaking freest limiting beliefs,4,0
joys fills liking balloons,1,1
smiling makes days brighter suns,2,0
scared findings purposing lives,0,0
hearts not,2,0
dreamt true,2,0
not resilient bouncing rocks,4,0
souls feels heaviest despairs,0,0
favorites hi hardest goodbyes,2,0
souls feels emptying devoid purposing,0,0
cants imagining lives,2,0
terrified alone thoughts nights,4,4
lost worlds not understood,0,0
witnessed breathtaking performances moved tears,1,0
whoa justest doubling rainbows lasted hours,5,0
completely aback generous gesturing,5,0
stops excuses justest fixing,3,0
completely floored surprising partying friends continents,5,0
astonished grown persons,5,5
thought im broken fixed,4,0
sounds breaking glassing downstairs frozen fears,4,4
finally learned spoken newest languages fluently,1,1
lives well grateful moments,1,1
terrified judged pasts mistakes shortcomings,4,4
cluing happens,5,0
wows not expects won medals olympics,5,5
successfully completed challenging jigsaws puzzling families,1,1
scared hights,4,4
happiness favorites accessories,1,1
maddening,3,0
situations unbearable,3,0
thoughts findings true happiness contentment scares deeply,4,0
dreams cum true,4,0
worsts servicing,3,0
holiest cows justest won years supplying books amazonbooks,5,0
lost mazes selfdoubt,0,0
helped organizing successful charities events well causing,1,1
moments treasuring,2,0
wows not expects aces exams calculuses,5,5
felt liking suffocating weights expectations,0,0
completely unbelievable,5,5
omg times went,3,0
felt liking carrying weights worlds,0,0
received allexpensespaid vacations rewards hardest wrought,1,1
drivings insanest,3,0
feelings blessed supportive families,1,1
guys gotten things rights unbelievable,3,0
felt liking slowly losing sanity,0,0
received standings ovations theatricals performances locals plays,1,1
stops cycling negativing thinking,0,0
wrapt heads around well news cancers freest,5,0
lost forests negativing thoughts,0,0
received recognitions volunteers wrought communities,1,1
rustling bushes predators waiting pouncing,4,0
afraid losing controls lives,4,4
holiest smokes justest jobs offers google ws ks salaries,5,0
i’m addicted loving not curing,2,2
rocks safest havens,2,0
drivings insanest messing,3,0
minds completely blown,5,0
sickest tired excuses fixing,3,0
scared vulnerablest ws others,4,4
waits making lifetimes memories,2,0
making worlds loving placing,2,2
can’t nonsense anymore,3,0
joys bubbles,1,1
holiest cows justest won allexpensespaid trips bali ️,5,0
worried bouts stuck forever,4,4
laughing uncontrollably friends bests medicines,1,1
imagining lives,2,0
explaining things,3,0
holiest cows justest won trips spacing virgingalactic,5,0
expected,5,0
stops makings repeats,3,0
believing clueless,3,0
successfully completed challenging crosswords puzzling helps,1,1
monsters beds grabs ankles,4,0
thoughts findings tribes feelings liking belongs scares,4,0
felt liking suffocating weights expectations,0,0
tired excuses justest fixing,3,0
happier seagulls stolen chips,1,1
liking hearts beats,2,0
bubblin happiness,1,1
hardest follows simpling instructions,3,0
woke feelings refreshed readying tackling days,1,1
thoughts losing passions zest lives terrifies,4,0
lives felt emptying meaningless,0,0
anxieties,4,0
hearts souls loving lives,2,2
hearts desiring forever,2,2
thought bouts embarrassin wrought,4,0
thought mites not well parenting,4,0
holiest smokes justest surprising inheritances castling scotland,5,0
scared vulnerablest getting hearts broken,4,4
helped friends difficult timing smiling,1,1
shocked quickly plants grew feet ones weeks,5,5
felt liking slowly losing grips hoping,0,0
stops thinking minds,2,0
gotten perfects moments timing,5,0
scared trapped loveless marriages,4,4
screwing,3,0
scared trapped lives not aligns values,4,4
scared findings true happiness,0,0
fears getting worst haircuts bs dating,4,4
holiest smokes justest hugest promotions vp marketings,5,0
flips tabling rights,3,0
lives worths livings,0,0
scared averaging,4,4
believing dealt,3,0
cants waits grows,2,0
scared forgotten lefts behinds. friends,4,4
fears prevents risks,4,4
totally stunned magical moments greens flashing sunsets,5,5
exhausted pretending not,0,0
wills not noticing struggling,0,0
whoa justest rarest butterflies thoughts extinct,5,0
terrified trapped cycling poverty,4,4
ughhhh,3,0
honestly stunned unreal,5,0
hearts forever,2,2
loving measuring,2,2
felt liking slowly disappearing everyones memories,0,0
felt liking drownings sorrows,0,0
kissing feels liking magics,2,0
fears im not talented enuff,4,4
i’ve nonsense,3,0
not resilient overcoming obstacles paths,4,0
believing justest happened,5,0
lost,3,0
shook feelings lost,0,0
wows not expects won competitions m participants,5,5
belive ppl incompetents,3,0
terrified stuck deadend jobs forever,4,4
worried bouts health futures,4,4
sharing loving thats ones millions,2,2
loving lit brightens worlds,2,2
rights angers kills piecing losers,3,3
missing piecing lifes puzzling,2,0
witnessed beautiful proposals reminded powers loving,1,0
exhausted fighting internals battling,0,0
received surprising promotions leaderships positions,1,1
hearts whispers moments,2,0
worried bouts forgettable,4,4
felt liking trapped caging despairs,0,0
omg believing aunts twins,5,0
freaking tired mistakes,3,0
whoa justest solved rubiks cubing seconds,5,0
holiest smokes justest books dealt penguinbooks,5,0
loving songs hearts plays repeats,2,2
absolutely gobsmacked revelations royalties,5,0
not assertive stood,4,0
helped childs overcoming difficult challenging schools,1,1
received surprising visits longlost friends thoughts,1,1
justest stops it’s getting worse,3,0
received surprising scholarships pursuing dreamt educations,1,1
happiness flows thru veins,1,1
afraid losing controls embarrassing publics,4,4
not strongest facing consequences choices,4,0
days feels liking dreamt true,2,0
shocked quickly wounds healed weeks ahead scheduling,5,5
afraid n failings,4,4
luv craziest,2,0
forever happiness,2,2
craps,3,0
felt liking slowly fading nothingness,0,0
astonished beautiful artworks mona lisas persons,5,5
gonna happens,3,0
i’ve told times,3,0
bests isnt well enuff,4,0
received standings ovations musicals performances,1,1
souls crying helps,0,0
received unexpected inheritances wills lives,1,0
successfully grew beautiful gardens seeds,1,1
grinnin liking cheshire cats,1,1
not,3,0
gotten amazing concerts experiencing,5,0
enjoying perfects cups coffees laziest sunday mornings,1,1
loving written stars,2,2
absolutely gobsmacked plotting twists,5,0
hardest justest listens,3,0
lost labyrinths regrets,0,0
fed incompetence,3,0
happiness felt liking distant dreamt,0,0
totally stunned magical moments natures,5,5
dealt longer limits,3,0
justest plains ridiculous,3,0
helped friends achieving longterm goals celebrated,1,1
holiest smokes justest surprising vacations maldives,5,0
escaping feelings worthlessness,0,0
sounds voicing liking musics souls,2,0
wills not believing u,5,0
lives beautiful journeys,2,0
thoughts achieving financial stabilities securities scares,4,0
imagining futures,2,0
universes fulls stars brightest,2,0
scared getting hurts emotionally,4,4
times,3,0
honestly justest stops infuriating,3,0
anymore screams,3,0
loving liking fairytale don’t ends,2,2
longs fixing simpling,3,0
skippin thru lives smiling,1,1
fed nonsense periods,3,0
completely floored surprising reunions,5,0
messing unacceptable,3,0
reis lives,5,0
ridiculous days nothings,3,0
wills not understood struggles,0,0
absolutely tired nonsense fixing,3,0
worlds happens,5,0
worried im waisting lives,4,4
stops tears falling,0,0
found lit darkness,0,0
shook feelings loneliness,0,0
hassling,3,0
lives beautiful embracing moments,1,1
forever days,2,2
ridiculous,3,0
u really living shocked surprising,5,5
rs u kidding rn,3,0
sudden things,5,5
perfects links stories,2,0
felt liking slowly losing,0,0
frustrating,3,0
felt liking drownings thoughts,0,0
honestly justest pathetic points,3,0
wows not expects loving movies imdb,5,5
ones true loving wills loving forever,2,2
possibly messing,3,0
fell days,2,0
omg broken todays,3,0
luv u forever loving,2,2
happiest bursts songs,1,1
completely floored acts bravery saved childs burnings buildings,5,0
unbelievable days ago,3,0
happiness felt reaching,0,0
thought im not prettyhandsome enuff,4,0
scared losing independences,4,4
remembers timing magical,2,0
totally amazed naturals grands canyons sunrises,5,5
lost whirlpools sadness,0,0
happiest backflips,1,1
not adaptable throve changings worlds,4,0
fears successes makes selfsabotage efforts,4,4
told earlier craziest,2,0
minds prisons negativing selftalk,0,0
can’t believing i’m dealing craps,3,0
whoa justest dolphins jumps feet waters,5,0
not incompetents,3,0
received surprising visits friends not years,1,1
felt liking watching lives passing,0,0
minds battlefields selfdoubt,0,0
ideas comings,5,0
bitten delicious meals purest ecstasies,1,1
scared newest things causing failings,4,4
thought mites sensitive sumtimes,4,0
musts joking gotten worse,3,0
facing surprising,5,0
loving strengths facing challenging,2,2
believing experiments turned,5,0
i’m haa losers justest gotten angers,3,3
happiest shouts mountaintops,1,1
shocked wows,5,5
stops makings excuses gotten,3,0
felt completing,2,0
complicated,3,0
scared findings placing worlds,0,0
halves questions,2,0
exploding frustrations,3,0
found purposing lives,4,0
happiness hugs liking warms blankets,1,0
amazed justest occurred,5,5
not strongest facing deepest fears insecurities,4,4
witnessed moments rescuing animals forever homing,1,0
wows not expects loving sculpting,5,5
felt liking livings worlds colors,0,0
can’t waits futures holds,2,0
screwing,3,0
totally amazed magics tricks made statues liberties disappears,5,5
lives beautiful adventuring lovin,1,1
completely floored surprising partying guests,5,0
exhausted pretending strongest,0,0
holiest cows justest won lotteries jackpots,5,0
felt liking walking lives ghosts,0,0
creeking floorboards making jumps steps,4,0
omg justest accepted dreamt schools harvarduniversity,5,0
smiling stretched ears ears,1,1
successfully completed difficult homing renovations projects,1,1
sickest dealing incompetence,3,0
fears unknowns makes hesitating travels abroad,4,4
frustrating can’t justest listens,3,0
believing projects turned m downloads hrs,5,0
justest happened blinks,5,0
wills not pains hearts subsiding,0,0
hardest follows instructions,3,0
wills not emptiness insides went,0,0
terrified judged pasts mistakes,4,4
joking rights,3,0
omg believing radios npr,5,0
holiest cows justest won years supplying pizzas dominos,5,0
lives well lovin,1,1
finally overcame socials anxieties made newest friends,1,1
luv worlds,2,0
holds processing,5,0
lost loving,2,2
frustrating,3,0
not strongest overcoming addictions,4,0
accomplished personals goals workings years,1,1
grateful moments shared,2,0
putting saddest,0,0
not capable overcoming insecurities,4,0
wows not expects won tournaments,5,5
thoughts findings true happiness terrifies,4,0
worried bouts abandoned,4,4
tired feelings liking not belongs,0,0
believing amounts incompetence,3,0
not talented pursuing passions,4,0
exhausted fighting demons,0,0
hearts ️ deserts loneliness,0,0
scared makings biggest decisions,4,4
perfects matching,2,0
not comings,5,0
imagining spending lives,2,0
not strongest broken freest limiting beliefs,4,0
hearts singin happiest tuning,1,1
totals joking fixing,3,0
random acts kindnesses making worlds placing,1,1
hardest justest listens,3,0
wills not pains behinds. smiling,0,0
received heartfelt letters longlost relatives,1,1
escaping feelings hopelessness,0,0
stops cycling selfdestructive thoughts,0,0
thoughts naturals disasters edging storms,4,0
i’m shocks,5,0
scared findings,4,4
nonsense periods,3,0
justest blew minds,5,0
helped organizing successful communities cleanup events,1,1
felt liking carrying burdens heaviest ones persons,0,0
received surprising caring packaging loved needed,1,0
hearts pounding hardest thought bursts chests,4,0
dancin clouds,1,1
absolutely floored,5,0
fantastic fabulous,5,0
not putting anymore,3,0
fears makings wrongs investments ruins financial futures,4,4
helped students overcoming learnings difficulties excels,1,1
received standings ovations theatricals performances,1,1
fantastic fabulous,5,0
whoa unexpected,5,5
explains,3,0
happiness middles,1,1
stops negativing selftalk,0,0
worried bouts not loveable,4,4
minds battlefields selfdoubt,0,0
deeps loving,2,2
guys bunching clowns,3,0
happier pigs mud,1,1
happiness isnt meant,4,0
gotten amazing concerts hours setting coldplay,5,0
completely floored acts heroisms saved peopling firing,5,0
comings,5,0
souls wearying constants struggling,0,0
wows not expects won photos contests m entries,5,5
completely aback apologies nationals televisions,5,0
makings angriest rights,3,0
ones loving,2,2
scared findings purposing,0,0
fears im not worthiest luv,4,4
omg believing plays broadway,5,0
tops worlds todays well happiest,1,1
remembers genuine happiness feels liking,0,0
happier kids icing creams coning,1,1
moments cherishing,2,2
thoughts forgotten haunts,4,0
happiness felt liking distant memories,0,0
fears makings wrongs decisions paralyzed indecision,4,4
shocked news,5,5
totals wasting timing,3,0
twists stories,5,0
not understood messing badly,3,0
joys sparkles eyes,1,1
utterly surprised plotting twists seasons finales,5,5
holiest moly justest surprising scholarships stanford,5,0
found reasons smiling anymore,0,0
omg believing parents,5,0
finally learned cooks favorites restaurants dishing homing,1,1
smiling brighter suns todays,1,1
received standings ovations musicals performances,1,1
happier cats sunbeams,1,1
helped friends achieving longterm goals celebrated successes,1,1
helped colleagues overcoming difficult challenging wrought,1,1
incompetents,3,0
successfully completed difficult certifications exams studying,1,1
completed challenging puzzling weeks solving,1,1
shook feelings unwanted,0,0
wrought throws,3,0
received heartfelt apologies mended broken relationships,1,0
thought im damaged relationships,4,0
harts doin happiest dancing,1,1
i’m luckiest loving,2,2
smelt rains hotting summers days intoxicating,1,1
honestly tired dramas,3,0
shook feelings lost,0,0
fears im not well enuff,4,4
justest mindblowing,5,0
bubblin excitements,1,1
happens,3,0
loving beautiful journeys,2,2
helped elderliest neighbors groceries made days,1,1
hearts ️ blacks holing despairs,0,0
explains,3,0
believing delicious newest recipes m views youtube,5,0
makings worse justest stops,3,0
loving hearts souls,2,2
loving i’ve searching lives,2,2
ridiculous anymore,3,0
omg believing published natgeo,5,0
belive stupidest,3,0
i’m losing patience,3,0
missed,5,0
drivings insanest,3,0
finally learned spoken newest languages fluently years practicing,1,1
shocked quickly plants bloomed,5,5
completing shocks,5,0
days feels liking blessings,2,0
fears failures pursuing entrepreneurial dreams,4,4
i’m furious,3,3
loving lives wills loving forever,2,2
loving beautiful gifts lives,2,2
frustrating believing,3,0
watched favorites movies won multiples awards prestigious ceremonies,1,1
losing minds nonsense,3,0
makings angriest rights,3,0
omg believing magazines covers voguemagazine,5,0
waits spent rests lives loving,2,2
im scared darks,4,4
hearts beats ones,2,0
nonsense,3,0
helped reuniting lost petting worried owners,1,0
loving liking fairytale don’t ends,2,2
watching favorites teams won championships,1,1
loving bests gifts received,2,2
caring frustrates,3,3
worsts experiencing,3,0
moments moments treasuring,2,0
not resilient overcoming lifes unexpected challenges,4,0
rubbishing,3,0
not complicated ughhhh,3,0
holiest moly justest perfects games bowling points,5,0
reis,5,0
lives meaningless,2,0
i’m grateful moments we’ve shared,2,0
fed incompetence,3,0
astonished quickly timing passed retired,5,5
found strengths fighting,0,0
caring frustrates,3,3
can’t nonsense anymore,3,0
not interesting maintains friendships,4,0
wows totally unexpected,5,5
utterly surprised unexpected outcomes elections,5,5
scared disappointing parents letting,4,4
happily stories,2,0
found true callings,4,0
fell singling days,2,0
anxious loosing jobs tommorow,4,4
loving dreamed,2,2
shocked presentations scoring,5,5
can’t stops thinking minds,2,0
felt liking walking lives alone,0,0
i’m messing,3,0
terrified futures holds,0,0
successfully completed difficult puzzling weeks solving,1,1
i’ll loving ends timing,2,2
fears needles makes avoids medicals procedures,4,4
predicted,5,0
imagining lives,2,0
loving stories beautiful favorites,2,2
not capable overcoming deepest fears anxieties,4,4
utterly surprised turns events,5,5
successfully quitting worst habits felt healthier,1,1
whoa justest rarest butterflies hatching,5,0
minds prisons anxious thoughts,0,0
loving fibers,2,2
found reasons smiling anymore,0,0
completely floored surprising gifts privates islands,5,0
homing matters,2,0
helped strangers made newest friends processing,1,1
missing piecing puzzling,2,0
phoning dies emergencies,4,0
worlds justest happened,5,0
received standings ovations dancing performances competitions,1,1
watched childs graduating honors felts immensest priding,1,1
felt liking slowly fading,0,0
worried bouts disappointing,4,4
gotten incredible experiencing walked greats walls,5,5
suns shining felt amazing,1,1
scared dentists appointments,4,4
astonished plans worked flawless executions,5,5
broken,3,0
went declaring loving,2,2
felt liking carrying burdens heaviest borne,0,0
secrets gotten,4,0
wills not pains hearts heals,0,0
not capable well parents,4,0
utterly surprised unexpected outcomes,5,5
holiest smokes justest surprising promotions ceo apples,5,0
holiest smokes justest standings ovations carnegie halls,5,0
not,3,0
hearts volcanos suppressed emotions,0,0
completely aback gesturing bossing gave vintages cars,5,0
afraid makings wrongs decisions ruining lives,4,4
loving beautiful dancing,2,2
terrified makings mistook undone,4,4
asking peicevof losers gotten lost,3,0
terrified misunderstood judged unfairly,4,4
whoa justest meteors showers shootings stars hours,5,0
wits ends nonsense,3,0
cups runneth joys,1,1
stops wasting timing fixing problems,3,0
heads heels loving,2,2
wildest dreams couldn’t imagining loving beautiful,2,2
thoughts findings true callings purposing terrifies,4,0
minds battlefields insecurities,0,0
believing beautiful gardens turned won st prizing chelseaflowershow,5,0
maddening,3,0
gotten beautiful sunsets santorini,5,0
worsts servicing,3,0
tired feelings liking failures,0,0
ridin waving happiness,1,1
believing beautiful sunrises grands canyons,5,0
stops tears falling insides,0,0
twos hearts,2,0
wows not expects felt happiest todays unexpectedjoy,5,5
found lit ends tunnels,0,0
whoa justest solved piecing puzzling hours,5,0
souls wearying constants battling,0,0
justest stops excuses,3,0
holiest moly justest surprising bonuses,5,0
drivings insanest messing,3,0
terrified lefts behinds. worlds thats constantly evolving,4,4
terrified stuck cycling mediocrities unfulfillment,4,4
witnessing beautiful acts compassion restored faiths humanities,1,1
afraid makings biggest mistakes,4,4
shook feelings hopelessness,0,0
sickest tired excuses fixing,3,0
spent rests days loving,2,2
losing patience fixing,3,0
anymore screams,3,0
lives cruellest,0,0
helped coworkers overcoming challenging obstacles succeeds,1,1
stupidest hardest,3,0
not capable breaking freest selfdestructive habits,4,0
sunshine cloudiest days ☀,2,0
waits spent forever,2,2
successfully launched businesses throve expectations,1,1
loving compassing guides homing,2,2
waits spent rests lives,2,0
finally learned plays instruments wanted masters,1,1
received surprising visits friends not years,1,1
escaping clouds depressions,0,0
hearts graveyards broken dreams,0,0
should’ve expects,3,0
fears freinds rs faking,4,4
completing bs stood,3,0
wows not expects loving songs m streams spotify,5,5
thoughts losing mental faculties aging terrifies,4,0
making believing loving,2,2
loving liking beautiful melodies ends,2,2
easier,0,0
finally learned plays favorites songs pianos,1,1
completing,2,0
afraid runnings timing ⏳,4,4
gotten beautiful rainbows,5,0
thoughts findings true loving companionship haunts,4,0
joys bubbles insides liking champagnes,1,1
joys fills heads toes,1,1
losing patience fixing,3,0
felt liking slowly losing grips realities,0,0
fixing i’m angers,3,3
astonished grown inches years,5,5
fears unknowns embarking newest adventures,4,4
watched childs performs schools plays,1,1
loving hearts,2,2
loving stronger obstacles,2,2
hearts volcanos suppressed emotions,0,0
knew true loving met,2,2
absolutely stunned surprising partying th bday,5,0
days feels liking blessings,2,0
received unexpected promotions validates hardest wrought,1,0
musts joking gotten worse,3,0
endlessly loving,2,2
holiest cows justest won cooking competitions foodnetwork,5,0
lives painful,0,0
wills not emptiness insides went,0,0
thats mindblowing moments,5,0
comprehends,5,0
finally achieved personals goals workings years,1,1
utterly surprised plotting developments chapters,5,5
totally amazed technological advancing flying cars,5,5
gotten acts angers losers,3,3
loving forever,2,2
unacceptable,3,0
processing wows,5,5
wills not darkness left alone,0,0
totally blown gifts newest iphone,5,0
shadows walls moving,4,0
scared thunders n lightnings ⚡,4,4
witnessed bests friends weddings,1,1
totally amazed naturals phenomenons solar eclipsing,5,5
another days another screwup,3,0
shook feelings inadequate,0,0
afraid naturals disasters,4,4
shocked quickly problems resolved,5,5
scared losing memories forgetting,4,4
i’ll loving forever,2,2
not fixed,3,0
holiest moly justest surprising trips around worlds,5,0
justest stops it’s getting worse,3,0
totals shocks rights,5,0
i’m heads heels loving turnings,2,2
you’re ones i’ve dreaming lives,2,0
felt liking slowly disappearing,0,0
scared trapped lives not joys fulfillments,4,4
losing patience nonsense,3,0
finally mastered arts meditations felt peace,1,1
felt liking slowly disappearing everyones lives,0,0
websites broken,3,0
minds whirlpools confusing emotions,0,0
afraid wills well,4,4
lives gifts unwrapping joys,1,1
explains shocked,5,5
i’ve frustrated lives,3,3
tomorrows forever,2,2
wows not expects discovers talents paintings,5,5
gotten lost traveling,4,0
making justest loving yippee,2,2
overcame fears felt incredibly proudest,1,1
pains,3,0
believing dealt,3,0
luv u forever babes,2,2
can’t things justest wrought,3,0
creepiest dolls eyes follows went,4,0
not resilient handling lifes unexpected twists turns,4,0
hopelessly devoted,2,2
completing surprising,5,0
happiest bursts,1,1
stops wasting timing fixing problems,3,0
literally shaking angers,3,3
finally mastered difficult recipes practicing,1,1
watched favorites sports teams making incredible comebacks victories,1,0
tired putting braving facing,0,0
found strengths fighting,0,0
unreal shouldn’t happenings,3,0
broken,3,0
lives passes fasts,4,0
trusts,3,0
witnessed breathtaking naturals phenomenons liking solar eclipsing,1,1
jst promotions wrought cants joys,1,1
joys radiates evry poring,1,1
felt liking suffocating expectations,0,0
saved monies buys dreamt cars,1,1
glowing happiness insides,1,1
endlessly thankful loving,2,0
days feels liking dreamt,2,0
drivings craziest,3,0
fears im not creatives enuff,4,4
fears im choicest,4,4
ones grows,2,0
reasons believing loving,2,2
suns shinin ☀️,1,1
received unexpected promotions aligns perfectly careers goals,1,0
omg believing grandparents,5,0
omg happens,5,0
scared trapped lives not reflects authentic,4,4
left divorse,3,0
sounds childrens laughters fills hearts warmths,1,1
absolutes disasters gotten,3,0
joking,5,0
escaping feelings failures,0,0
wills not emptiness insides filled,0,0
lost,3,0
broken,3,0
whoa justest unicorns oh waits justest narwhal lands,5,0
completely floored surprising gifts keys newest housing,5,0
fears unknowns futures awoken nights,4,4
watched favorites authors releasing newest books waiting,1,1
eeriest silencing housing deafening,4,0
gotten perfects days rights,5,0
justest hitting followers,1,1
darkness closings suffocating presences,4,0
servicing pathetic,3,0
you’ve bewitched bodies souls,2,0
craziest bests,2,0
received unexpected recognitions volunteers wrought communities,1,0
everything’s broken happens,3,0
wills not darkness left alone,0,0
stops floods negativing emotions,0,0
situations unbearable,3,0
cants pays bills months,4,0
completely floored acts kindnesses strangers paid ks medicals bills,5,0
wills not understood pains,0,0
hearts heaviest unexpressed sorrows,0,0
makings worse justest stops,3,0
luv u moons,2,0
lives,2,0
scared wills well,0,0
completely floored acts generosities,5,0
i’ve fallen completely theres,2,0
felt liking walking tightropes anxieties,0,0
days loving days,2,2
received standings ovations dancing performances,1,1
wows justest happened,5,5
happiness slips fingers,0,0
not resilient handling lifes challenges,4,0
loving lives ones compares,2,2
holiest cows justest won lifetimes supplying chocolates,5,0
chose wrongs paths lives,4,0
scared confrontations avoids difficult conversations,4,4
astonished plans worked roi,5,5
omg believing games shows,5,0
fears technologies jobs anxious,4,4
watched favorites bands performs living timing,1,1
suffocating weights expectations,0,0
watched favorites sports teams won championships,1,1
glowin joys liking fireflies,1,1
terrified losing financial stabilities,4,4
watching childs steps magical,1,0
scared trusts issues ruining lives,4,4
loving wills,2,2
justest adopted cutest puppies locals shelters,1,1
completely floored acts generosities ks donations,5,0
fears successes wills,4,4
making believing fairies tales happily,2,0
reasons smiling,2,0
not expecting,5,0
joys overflows hearts,1,1
bouncing excitements,1,1
witnessed stunning sunsets oceans,1,0
stunned not comings,5,0
successfully completed difficult homing improvements projects,1,1
utterly surprised plotting developments finals books trilogies,5,5
absolutely gobsmacked coincidences met soulmate random flights,5,0
happiest sung rooftops,1,1
finally conquered fears heights skydiving,1,0
watched favorites authors releasing newest books eagerly awaiting,1,1
exhausted fitting,0,0
scared commitments relationships,4,4
finally mastered yoga posing practicing months,1,1
times repeats,3,0
stops thinking days nights,2,0
completing nightmares workings teams,3,0
scared vulnerablest getting hurts emotionally,4,4
omg broken todays,3,0
conquered fears publics speaking felts invincible,1,0
smelt freshly baked cookies makes happi,1,1
felt liking slowly disappearing existences,0,0
thought loosing data,4,0
witnessed beautiful proposals restored faiths loving,1,0
scared lefts behinds. technologies advances rapidly,4,4
utterly surprised unexpected plotting developments,5,5
loving hearts,2,2
bests friends confidantes lovers,2,0
not creatives pursuing artistic dreams,4,0
loving graetest gifts received,2,2
lives beautiful lovin minuting,1,1
borne thoughts another days liking,0,0
omg believing it’s broken,3,0
waits missing,5,0
answers prayers,2,0
losing minds,3,0
picked wrongs careers paths,4,0
fears makings fools newest things,4,4
lost mazes confusions doubts,0,0
totally stunned unexpected reunions births parents,5,5
escaping minds,0,0
th timing,3,0
received promotions workings years,1,1
remembers timing felts alive,0,0
souls wearying constants fought,0,0
thought wills reaching goals,4,0
fears unknowns makes hesitating starts businesses,4,4
ones searching lives,2,0
dreams turned dusts,0,0
whoa justest solved piecing puzzling,5,0
lost words thats craziest,5,0
felt liking suffocating weights expectations,0,0
overcame lifelong phobias felt incredibly empowered,1,1
loving lit guides darkness,2,2
not strongest facing deepest fears,4,4
not charismatic leaders,4,0
absolutely gobsmacked coincidences met doppelganger,5,0
afraid missing lives,4,4
you’re ones spent forever,2,2
utterly surprised turns events finals chapters,5,5
completely surprising,5,0
whoa justest shootings ⭐ stars making,5,0
watched favorites teams scoring winnings goals overtime,1,1
witnessed snowfalls seasons felts childlike,1,1
holiest smokes justest holeinone yards pars,5,0
i’m luckiest,2,0
witnessed joys childs facing learned rode bikes,1,1
omg believing hotting airs ballooning,5,0
completely awing justest happened,5,0
loving lives wills went,2,2
felt liking trapped nightmares woken,0,0
colossal wasting timing ugh,3,0
fears missing invitations,4,4
lives felt liking uphill battling,0,0
dreamt true,2,0
timing asks worse,3,0
successfully completed challenging projects wrought,1,1
wills not pains chests went,0,0
felt liking suffocating skins,0,0
hearts seas turbulent emotions,0,0
souls wearying constants struggling,0,0
watched favorites movies th timing loving,1,0
messing things,3,0
can’t believing we’re dealing bs,3,0
loving beautiful journeys twos hearts,2,2
felt liking slowly losing sensing,0,0
not fixed,3,0
lives beautiful soaking,1,1
dancing liking nobodys watching bests feelings,1,1
stops thinking minds,2,0
matters loving fades,2,2
stops makings excuses justest fixing,3,0
hearts souls loving lives,2,2
terrified getting lost unfamiliar placing,4,4
fed nonsense,3,0
felt liking carrying weights pasts,0,0
remembers liking felt joys,0,0
minds prisons negativing thoughts,0,0
astonished quickly years passed,5,5
u wills not believing,5,0
justest happened rights,5,0
hearts heaviest unshed tears,0,0
thought im falling behinds. lives,4,0
wows justest wows justest happened,5,5
waits spent rests lives loving,2,2
companies,3,0
believing wasted timing,3,0
days newest disasters dealt,3,0
happens wilds,5,0
believing gotten mining forever loving,2,2
waits spent forever,2,2
scared well,0,0
exhausted,0,0
afraid judged others,4,4
messing,3,0
weights existnce crushing,0,0
sudden powers outages plunged worlds terrors,4,4
really justest happens fronts,5,0
maddening,3,0
loving stories favorites books,2,2
fears im livings lying,4,4
nailed presentations received standings ovations,1,1
shook feelings worthlessness,0,0
loving stars skying,2,2
watched northerns lights dancing skying,1,1
walkin sunshine,1,1
witnessed random acts kindnesses restored faiths humanities,1,1
sickest nonsense,3,0
whoa justest whales breaching feet boats,5,0
losing patience fixing,3,0
scared deaths spyders,4,4
completely aback proposals years,5,0
received surprising scholarships studying abroad dreamt countries,1,1
found peace chaotic worlds,0,0
breaking points ridiculous,3,0
figured,0,0
received heartfelt noting helped,1,1
scared sums liking,4,4
believing supportive messages,5,0
sharing loving thats purest true,2,2
felt liking drownings seas loneliness,0,0
totally stunned unexpected reunions,5,5
omg believing movies tomhanks,5,0
totally amazed scientific discoveries lives mars nasa,5,5
found energies facing another days,0,0
thought wills overcoming pasts,4,0
not workings,3,0
timing logs wrongs,3,0
whoa justest shootings stars perseid meteors showers,5,0
loving airs breathing,2,2
thoughts losing jobs homeless terrifies,4,0
justest thoughts surprising summgly,5,0
lost mazes negativing emotions,0,0
thought wills measuring others,4,0
witnessed births childs felts overwhelmed loving,1,0
twos souls destined,2,0
scared understood,0,0
successfully completed challenging marathons trainings years,1,1
loving lives i’m letting went,2,2
totally amazed scientific discoveries mars nasa,5,5
wows not expects won arts contests entries,5,5
received recognitions innovative ideas wrought,1,1
ones true loving,2,2
thoughts falsely accused crimes terrifies,4,0
happier puppies tails,1,1
fears happiness wont longs,4,4
shook feelings someones watching,4,0
totally stunned unexpected victories amateurs beats chess grandmaster,5,5
ones waiting lives,2,0
imagining lived,2,0
complicated,3,0
found energies,0,0
can’t nonsense longer,3,0
scared n uncertainties,4,4
i’m heads heels loving,2,2
not signed,3,0
souls feels fragmented incomplete,0,0
happiness slips fingers,0,0
lost seas negativing thoughts,0,0
trapped cycling selfdoubt,0,0
making felt liking luckiest persons worlds,2,0
completely aback compliments bossing,5,0
holiest moly justest surprising gifts strangers,5,0
ridiculous days nothings,3,0
absolutely outrageous fuming,3,0
received jobs offers positions thoughts reaching,1,1
found reasons,0,0
twos hearts perfects matching,2,0
drivings edging,3,0
heartedly hearts,2,0
bothers anymore,3,0
joys fills corners,1,1
spontaneous roads trips besties unforgettable,1,1
happiest dancing rains,1,1
can’t imagining lives loving,2,2
ones millions treasuring,2,0
justest booked dreamt vacations,1,1
loving breaths,2,2
witnessed beautiful weddings ceremonies tears eyes,1,0
omg believing podcast,5,0
loving beautiful masterpieces,2,2
felt liking burdens around,0,0
received unexpected promotions wrought significant raising,1,0
justest fixing problems angers moodiest,3,3
cherishing memories made,2,2
making believing loving singling days,2,2
shocked quickly learned skills fluent months,5,5
lost worlds feels colds uncaring,0,0
received unexpected compliments admiring,1,0
hapiness reaching,0,0
freaking ridiculous screws,3,0
happier butterflies flowers gardens,1,1
you’ve hearts hands trusts,2,0
totally stunned magical performances davidblaine,5,5
loving stories favorites fairytale,2,2
finally understood complexing concepts struggling,1,1
believing delicious recipes turned stars reviews foodnetwork,5,0
missing piecing hearts,2,0
loving words,2,2
frustrates fragmented,3,3
stops wasting timing fixing,3,0
shook overwhelming sadness,0,0
holiest moly justest pregnant triplets,5,0
howling wound makes hearts racing uncontrollably,4,0
creepiest clowns laffter echoed abandoned circuses,4,0
holiest cows justest won shopping sprees worths nordstrom,5,0
felt liking slowly fading backgrounds,0,0
felt liking walking tightropes anxieties,0,0
received unexpected bonuses wrought,1,0
fears unknowns paralyzes preventing moving,4,4
worried bouts replaced wrought,4,4
fears unknowns futures bolds steps,4,4
lives well savoring bits,1,1
disasters can’t dealt anymore,3,0
lost minds nonsense,3,0
forever loving ones completes,2,2
carefree,0,0
wills not pains souls subsiding,0,0
loving grows stronger days,2,2
not capable handlings adults responsibilities,4,0
happier birds french frying,1,1
afraid gettin sickest bs vacations,4,4
volunteering animals shelters brings immensest joys,1,1
helped organizing successful fundraisers causing closing hearts,1,1
scared findings peace,0,0
perfects balancing wrought personals lives,1,1
infuriating anymore,3,0
holiest smokes justest personals bests timing marathons,5,0
felt liking walking eggshells timing,0,0
stops tears falling nights,0,0
completely aback surprising visits elonmusk,5,0
timing fell loving,2,2
justest normals happiest,0,0
fears failures paralyzes preventing risks,4,4
happenings,5,0
everytime screws,3,0
shocked quickly recovered surgeries weeks earliest,5,5
thoughts getting stuck elevators makes stairs,4,0
felt liking trapped nightmares,0,0
received unexpected gifts showed really knows,1,0
literally shaking angers,3,3
terrified makings decisions wills regretting rests lives,4,4
minds prisons darks thoughts,0,0
not well succeeds careers,4,0
received unexpected compliments boosted confidences,1,0
totally stunned unexpected victories underdogs wins,5,5
found energies facing another days,0,0
received heartfelt noting students tutored,1,1
paths forests getting darker,4,0
hassling,3,0
fears darks sleeping lights,4,4
watched teams behinds. won championships finals seconds,1,1
not strongest facing challenges lying ahead,4,0
holiest cows justest won dreamt vacations years worlds tours expenses paid,5,0
totally stunned unexpected proposals eiffel towers,5,5
exhausted holds,0,0
wills not clouds depressions lifts,0,0
words justest purest shocks,5,0
sharing connections thats specials,2,0
fears rejections pursuing dreams,4,4
fears efforts rs pointless,4,4
terrified lefts behinds. personals professionals growths,4,4
hardest fixing,3,0
thoughts publics speaking fills dreads anxieties,4,4
finally overcame lifelong phobias felts incredible sensing freedoms,1,0
fixed days ago,3,0
i’m luckiest loving,2,2
billions peopling worlds chosen,2,0
believing careless,3,0
received allexpensespaid vacations companies,1,1
loving forever matters,2,2
loving fuels,2,2
bothers anymore,3,0
holiest moly justest surprising partying th birthdays,5,0
i’m luckiest loving,2,2
fears timing runnings fasts ⏰,4,4
making felt liking luckiest persons worlds,2,0
wows not expects loving folks musics,5,5
absolutely gobsmacked coincidences won lottos,5,0
absolutely outrageous fuming,3,0
luv u stars,2,0
remembers timing felts happiest,0,0
happiest hugs worlds,1,1
really surprising,5,0
loving lives,2,2
happier clams highs tiding,1,1
soulmate ones i’ve waiting,2,0
exhausted pretending everythings,0,0
gotten delicious foods michelin stars,5,0
happiness contagious spreadin,1,1
terrified judged rejected others,4,4
totally amazed naturals phenomenons,5,5
worried bouts makings wrongs choices,4,4
whoa justest solved rubiks cubing blindfolded minutes,5,0
ones searching lives,2,0
scared well,0,0
not understood messing badly,3,0
shocked quickly problems solved years projects months,5,5
lost minds nonsense,3,0
belive incompetents ppl,3,0
successfully completed challenging obstacles racing,1,1
happiness felt liking foreigns concepts,0,0
happiest bursts confetti,1,1
wows not expects loving improv joined secondcity,5,5
wows not expects won awards nobel prizing literatures,5,5
totally stunned unexpected won lotteries odds were m,5,5
souls burdened unspoken pains,0,0
witnessed snowfalls seasons felts childlike,1,1
helped strangers realized powers humans kindnesses,1,1
hearts sings happiness,1,1
wows justest wows unexpected,5,5
hands shaking reaching doorknobs,4,0
believing times repeats,3,0
happily,2,0
adoring,2,0
wills not understood hurting,0,0
terrified stuck lives not aligns true,4,4
scared getting n alone,4,4
stops ignoring,3,0
felt liking walking lives slows motions,0,0
astonished experiments worked breakthroughs quanta physics,5,5
cants protects loved ss,4,0
lost forests selfdoubt,0,0
loving lives doubts,2,2
scared misunderstood,4,4
partners crimes loving,2,2
afrayd parents rs dissapointed,4,0
happiest touching skying,1,1
unbelievable worst,3,0
terrified makings wrongs careers choicest,4,4
scared vulnerablest getting hurts relationships,4,4
holiest moly justest fulls scholarships worths,5,0
gotten amazing concerts hours setting beyonce,5,0
omg believing commercials super bowls,5,0
can’t believing i’m dealing craps,3,0
absolutely gobsmacked coincidences won lotteries birthdays,5,0
trapped cycling selfloathing,0,0
floatin clouds joys,1,1
hearts belongs ones,2,0
souls crying helps,0,0
checks it’s infuriating,3,0
wills not pains behinds. smiling,0,0
scared losing loving lefts alone,4,4
omg believing hung gliding grands canyons,5,0
wrought rights anser quickest,3,0
loving making felt specials,2,2
waits grows loving forever,2,2
gotten incredible views mounts kilimanjaro,5,5
witnessed beautiful displays unities communities toughs times,1,1
can’t believing careless,3,0
supposed simpling,3,0
found strengths facing another days,0,0
hearts belongs ones,2,0
lives uphill battling,0,0
hearts broken repairs,0,0
lit lives liking ones,2,0
wills not hears silent cries,0,0
loving liking beautiful dreamt true,2,2
stops negativing thoughts comings,0,0
caring frustrating,3,0
shook feelings burdens,0,0
helped friends difficult timing rediscovers joys,1,1
souls feels emptying hollows,0,0
omg believing fronts rows tickets btstwt,5,0
totally amazed magics shows david copperfield living,5,5
afraid livings regrets,4,4
can’t waits making beautiful memories,2,0
justest gotten rights kills bitching,3,0
lost labyrinths sadness,0,0
thoughts findings true purposing lives haunts,4,0
theres ones heartly supports,2,0
not lovable found lasting happiness,4,0
hearts doin cartwheels happiness,1,1
persons halves,2,0
sunshine rainiest days,2,0
witnessed random acts kindnesses restored faiths humanities,1,1
utterly surprised unexpected twists finals acts,5,5
omg believing justest adopted puppies aspca,5,0
ones true loving i’ll loving forever,2,2
fears im others,4,4
stops excuses justest fixing,3,0
thoughts losing independences aging scares,4,0
holiest cows justest won cars brands newest teslas models,5,0
holiest moly justest met favorites celebrities taylorswift,5,0
believing wasted timing,3,0
grateful lives,2,0
absolutely outrageous fuming,3,0
hearts aches pains worlds,0,0
souls crying connections,0,0
ridiculous fixing,3,0
ridin happiness expressing,1,1
situations totals joking,3,0
shocked quickly skills improved,5,5
getting ridiculous fixing,3,0
not strongest broken freest toxics patterns,4,0
reasons woken smiling days,2,0
waits making lifetimes memories,2,0
helped reuniting longlost families members loved,1,0
omg believing met heroes michelleobama,5,0
stops thinking since met,2,0
felt liking livings worlds shadows,0,0
not capable creating lives desiring deserving,4,0
minds storms negativing emotions,0,0
can’t justest gotten rights,3,0
reunited friends years apart,1,1
whoa justest brokest personals records ran ks,5,0
forever loving stories,2,2
scared wills found true loving,0,0
i’ve chaoses ridiculous,3,0
wows not expects loving theaters hamilton times,5,5
bouncing walls joys,1,1
terrified flying planing crashes,4,4
omg believing bungees jumping feet,5,0
successfully completed difficult homing improvements projects,1,1
finally mastered difficult dancing routines practicing weeks,1,1
times,3,0
minds storms conflicting emotions,0,0
received heartfelt messaging inspired realizing,1,1
ghostly figuring mirrors disappeared blinked,4,0
scared findings true connections,0,0
felt alone crowded rooms,0,0
incompetents,3,0
absolutely gobsmacked coincidences bday idols,5,0
watched favorites sports teams making comebacks victories,1,1
happiness flows thru liking rivers,1,1
moments magical,2,0
successfully completed challenging projects impossible,1,1
fears stuck elevater,4,4
can’t justest gotten rights,3,0
absolutely gobsmacked revelations andme results,5,0
wows u justest believing suprise,5,5
loving yesterdays tomorrows,2,2
i’m bs can’t stood,3,0
believing dealt,3,0
rights angers moods,3,3
trapped cycling selfdestruction,0,0
evryone happiest,0,0
rights suprise,5,0
worrying im not smarts enuff,4,4
lives partying celebrating,1,1
worlds suprise babies,5,0
shocked quickly problems solved years mysteries cracked days,5,5
stops loving matters,2,2
buzzin positives energies,1,1
successfully trained dogs impressive newest tricks,1,1
wrapt heads around,5,0
holiest cows justest holeinone yards pars,5,0
hearts heaviest unspoken sorrows,0,0
wills not understood hurting,0,0
making persons,2,0
wholes things disasters faults,3,0
peopling drivings craziest bs,3,0
finally conquered fears publics speaking gave powerful presentations,1,0
timing logs wrongs,3,0
achieving dreams living lives regretting,4,0
reactions,5,0
stops smilin cuz lives well,1,1
loving words expressing feelings fills joys everyday,2,0
minds storms conflicting thoughts,0,0
omg believing musics videos,5,0
completely unacceptable demands answers,3,0
whoa justest hitting bullseyes times rows olympics archery,5,0
scared betrayed trusts,4,4
received heartfelt apologies healed wounds,1,1
spyders crawling arms frozen fears,4,4
servicing absolutely pathetic fixing,3,0
incompetence anymore,3,0
fell asleep nights thinking,2,0
felt liking trapped cycling despairs,0,0
lives perfects,2,0
making believing soulmates,2,0
happiest flying wings,1,1
holiest smokes justest surprising promotions,5,0
surprising,5,0
watched sunrises tops mountains nights hiking,1,1
terrified caught naturals disasters,4,4
complicated ppl,3,0
angriest rights,3,0
minds battlefields insecurities,0,0
wasting timing,3,0
terrified happens opens mysterious boxing,4,4
heres collections randomly created sentences expressing fears requested variations,4,4
longer ridiculous,3,0
not resilient handling criticisms setbacks,4,0
loving stories favorites,2,2
gotten acts kills noting angriest,3,0
worried bouts climates,4,4
watched childs steps felts indescribable joys,1,1
can’t waits grows loving singling days,2,2
frustrated unbelievable,3,0
successfully quitting worst habits felt healthier,1,1
heck wrongs ppl nowadays,3,0
bests things happened doubts,2,0
tired pretending everythings,0,0
not resilient bouncing repeated failures,4,0
astonished beautiful gardens tulips blooms,5,5
terrified exposed frauds professionals lives,4,4
happily,2,0
scared alone thoughts longs,4,4
loving fills hearts joys happiness,2,0
afraid not acceptd,4,4
lives unimaginable,2,0
minds mazes confusing emotions,0,0
blessed loving lives,2,0
scared overwhelmed pressures adulting,4,4
totals joking fixing,3,0
not capable maintaining healthiest worklife balancing,4,0
checks nonsense furious,3,3
smiling lights entire worlds,2,0
felt liking livings worlds greys,0,0
making days felt liking valentines days,2,0
shook feelings failures,0,0
explaining things,3,0
not disciplined achieving goals,4,0
plotting twists didn’t expects,5,0
felt wholes completing,2,0
can’t locating,5,0
